;head;neck;right_shoulder;right_elbow;right_wrist;left_shoulder;left_elbow;left_wrist;right_hip;right_knee;right_foot;left_hip;left_knee;left_foot;right_eye;left_eye;right_ear;left_ear;indet
0;(550, 191);(550, 258);(505, 258);(460, 303);(393, 348);(595, 258);(595, 304);(527, 303);(505, 394);(504, 483);(527, 595);(572, 415);(550, 528);(528, 596);(549, 168);(572, 169);(527, 191);(572, 191);(0, 0)
1;(527, 169);(527, 236);(483, 236);(438, 303);(370, 325);(573, 236);(594, 303);(505, 281);(483, 393);(460, 483);(482, 595);(550, 393);(550, 528);(527, 618);(527, 168);(549, 168);(505, 190);(572, 169);(0, 0)
2;(527, 168);(505, 236);(460, 236);(415, 281);(347, 281);(572, 236);(572, 281);(505, 258);(482, 371);(437, 461);(437, 595);(528, 393);(549, 505);(527, 618);(505, 168);(527, 168);(483, 168);(549, 168);(0, 0)
3;(527, 168);(505, 236);(460, 236);(415, 281);(347, 281);(572, 236);(572, 281);(505, 258);(482, 371);(437, 461);(437, 595);(528, 393);(549, 506);(527, 618);(505, 168);(527, 168);(483, 168);(549, 168);(0, 0)
4;(505, 168);(504, 214);(460, 214);(393, 281);(325, 259);(549, 214);(572, 258);(505, 235);(460, 371);(415, 461);(393, 574);(527, 371);(527, 484);(527, 618);(483, 146);(505, 146);(482, 168);(527, 168);(0, 0)
5;(482, 168);(482, 214);(437, 235);(392, 281);(303, 258);(527, 214);(550, 258);(504, 213);(437, 371);(392, 483);(370, 595);(504, 371);(505, 483);(527, 618);(460, 146);(483, 146);(460, 168);(505, 168);(0, 0)
6;(460, 168);(460, 214);(415, 235);(348, 280);(281, 236);(505, 214);(549, 258);(505, 191);(415, 371);(370, 483);(325, 596);(482, 371);(505, 484);(527, 618);(438, 146);(460, 146);(437, 168);(482, 168);(0, 0)
7;(437, 168);(438, 235);(393, 236);(325, 280);(280, 214);(482, 214);(527, 258);(505, 191);(393, 393);(347, 484);(303, 596);(460, 393);(483, 484);(527, 618);(437, 168);(438, 168);(415, 168);(460, 168);(0, 0)
8;(415, 190);(415, 236);(370, 258);(303, 281);(280, 213);(460, 236);(527, 258);(504, 191);(370, 393);(325, 506);(280, 618);(437, 394);(482, 506);(527, 618);(415, 168);(437, 168);(393, 190);(438, 190);(0, 0)
9;(415, 190);(415, 236);(370, 258);(303, 281);(280, 213);(460, 236);(527, 258);(504, 191);(370, 393);(325, 506);(280, 618);(437, 394);(482, 506);(527, 618);(415, 168);(437, 168);(393, 190);(438, 190);(0, 0)
10;(393, 191);(393, 258);(348, 258);(280, 281);(258, 213);(438, 258);(505, 259);(504, 213);(348, 415);(303, 528);(280, 618);(415, 416);(460, 506);(505, 618);(392, 191);(415, 191);(370, 191);(437, 191);(0, 0)
11;(392, 191);(371, 259);(326, 259);(258, 281);(258, 213);(415, 259);(505, 281);(483, 213);(325, 416);(302, 528);(280, 640);(393, 416);(460, 506);(505, 618);(370, 191);(393, 191);(370, 213);(415, 213);(0, 0)
12;(370, 213);(370, 259);(325, 258);(236, 281);(258, 213);(415, 259);(483, 281);(504, 214);(325, 416);(280, 528);(280, 619);(392, 416);(438, 506);(505, 618);(370, 191);(392, 191);(348, 213);(393, 213);(0, 0)
13;(370, 191);(348, 258);(303, 258);(236, 281);(258, 213);(393, 258);(482, 281);(504, 236);(303, 415);(280, 528);(280, 619);(370, 394);(438, 483);(504, 596);(370, 190);(370, 191);(347, 191);(392, 191);(0, 0)
14;(370, 190);(347, 236);(302, 236);(236, 281);(258, 213);(392, 236);(460, 281);(483, 258);(303, 393);(281, 506);(280, 618);(370, 371);(438, 461);(460, 595);(370, 168);(370, 168);(326, 168);(370, 168);(0, 0)
15;(370, 190);(347, 236);(302, 236);(236, 281);(258, 213);(392, 236);(460, 281);(483, 258);(303, 393);(281, 506);(280, 618);(370, 371);(438, 461);(482, 595);(370, 168);(370, 168);(326, 168);(370, 168);(0, 0)
16;(370, 168);(347, 214);(302, 214);(257, 280);(258, 236);(370, 235);(437, 281);(482, 280);(303, 371);(302, 505);(280, 618);(370, 371);(438, 438);(459, 551);(370, 146);(370, 146);(325, 168);(370, 146);(0, 0)
17;(370, 146);(325, 213);(281, 191);(236, 258);(280, 258);(370, 213);(415, 281);(460, 281);(303, 370);(281, 483);(280, 596);(370, 348);(438, 394);(437, 528);(348, 146);(370, 145);(325, 146);(348, 146);(0, 0)
18;(370, 146);(325, 191);(280, 191);(257, 258);(280, 281);(370, 213);(393, 281);(460, 303);(303, 348);(280, 483);(280, 596);(370, 348);(438, 371);(415, 505);(348, 145);(370, 124);(325, 145);(348, 145);(0, 0)
19;(370, 146);(325, 191);(280, 191);(258, 259);(280, 303);(370, 213);(392, 281);(415, 325);(303, 348);(280, 483);(258, 596);(348, 326);(438, 348);(415, 461);(348, 124);(370, 124);(325, 145);(325, 191);(0, 0)
20;(370, 146);(325, 213);(280, 191);(258, 280);(280, 326);(370, 213);(370, 303);(392, 303);(303, 348);(280, 483);(258, 596);(348, 326);(437, 326);(415, 439);(348, 145);(370, 124);(325, 146);(325, 191);(0, 0)
21;(370, 146);(325, 213);(280, 191);(258, 280);(280, 326);(370, 213);(370, 303);(392, 303);(303, 348);(280, 483);(258, 596);(348, 326);(437, 326);(415, 439);(348, 145);(370, 124);(325, 146);(325, 191);(0, 0)
22;(348, 146);(325, 213);(280, 213);(258, 281);(280, 348);(370, 214);(370, 303);(370, 303);(302, 370);(280, 483);(257, 596);(348, 348);(437, 303);(415, 438);(347, 146);(348, 146);(303, 146);(348, 146);(0, 0)
23;(348, 168);(303, 236);(280, 214);(258, 303);(280, 371);(348, 236);(348, 325);(392, 303);(302, 371);(280, 484);(235, 618);(348, 370);(415, 303);(415, 416);(347, 146);(348, 146);(303, 168);(347, 146);(0, 0)
24;(348, 190);(303, 236);(280, 236);(258, 326);(258, 393);(348, 258);(348, 326);(348, 393);(302, 393);(280, 506);(235, 618);(348, 371);(415, 303);(415, 416);(326, 168);(348, 168);(303, 190);(347, 168);(0, 0)
25;(347, 191);(303, 258);(258, 258);(258, 348);(258, 415);(348, 259);(347, 348);(370, 415);(280, 415);(280, 506);(235, 618);(347, 393);(415, 325);(415, 438);(325, 191);(347, 190);(303, 191);(325, 191);(0, 0)
26;(347, 191);(303, 259);(258, 258);(258, 348);(257, 415);(348, 280);(347, 348);(437, 438);(280, 416);(280, 528);(235, 618);(348, 393);(415, 326);(437, 438);(325, 191);(347, 191);(302, 213);(326, 191);(0, 0)
27;(347, 191);(303, 259);(258, 258);(258, 348);(257, 415);(348, 280);(347, 348);(437, 438);(281, 416);(280, 528);(235, 618);(348, 393);(415, 326);(437, 438);(325, 191);(347, 191);(302, 213);(326, 191);(0, 0)
28;(347, 191);(303, 259);(258, 258);(257, 326);(236, 393);(348, 280);(348, 348);(370, 348);(281, 416);(280, 528);(235, 618);(348, 393);(415, 326);(437, 461);(325, 191);(347, 191);(302, 213);(325, 191);(0, 0)
29;(326, 191);(325, 258);(280, 258);(235, 348);(258, 371);(370, 258);(370, 348);(370, 371);(303, 393);(280, 506);(235, 618);(370, 371);(437, 348);(460, 461);(325, 190);(347, 190);(303, 191);(370, 168);(0, 0)
30;(325, 168);(325, 236);(280, 236);(235, 303);(258, 326);(370, 236);(392, 326);(415, 348);(303, 393);(280, 506);(235, 618);(370, 371);(460, 349);(482, 483);(325, 168);(347, 168);(303, 169);(348, 169);(0, 0)
31;(325, 168);(325, 235);(280, 235);(236, 281);(257, 280);(392, 236);(415, 304);(482, 326);(325, 371);(281, 484);(257, 618);(392, 349);(460, 371);(483, 506);(325, 146);(347, 146);(303, 168);(348, 168);(0, 0)
32;(347, 146);(347, 214);(302, 214);(258, 303);(257, 258);(392, 214);(437, 281);(483, 303);(325, 371);(303, 483);(258, 596);(393, 348);(460, 393);(505, 528);(325, 146);(348, 146);(325, 168);(370, 168);(0, 0)
33;(347, 146);(347, 214);(302, 214);(258, 303);(257, 258);(392, 214);(437, 281);(483, 303);(325, 371);(303, 483);(258, 596);(393, 348);(460, 393);(505, 528);(325, 146);(348, 146);(325, 168);(370, 168);(0, 0)
34;(347, 146);(348, 214);(303, 214);(258, 258);(257, 214);(393, 214);(459, 281);(505, 280);(326, 371);(303, 483);(280, 596);(414, 348);(482, 438);(527, 551);(326, 146);(348, 146);(325, 168);(370, 168);(0, 0)
35;(348, 168);(370, 235);(325, 235);(258, 258);(258, 213);(415, 236);(482, 281);(527, 236);(348, 371);(325, 483);(303, 595);(415, 371);(482, 461);(527, 573);(348, 146);(370, 146);(325, 168);(392, 168);(0, 0)
36;(370, 168);(370, 236);(325, 236);(258, 258);(258, 213);(415, 236);(483, 281);(527, 236);(348, 393);(325, 505);(325, 596);(415, 371);(460, 483);(527, 574);(348, 168);(370, 168);(348, 169);(393, 168);(0, 0)
37;(370, 191);(392, 258);(347, 258);(280, 280);(280, 213);(437, 258);(505, 281);(527, 213);(370, 393);(347, 506);(348, 596);(437, 393);(460, 505);(505, 596);(370, 190);(392, 169);(348, 191);(415, 191);(0, 0)
38;(393, 213);(414, 259);(348, 259);(280, 281);(280, 214);(459, 258);(505, 280);(505, 213);(370, 416);(348, 506);(348, 618);(438, 416);(460, 506);(505, 618);(392, 191);(415, 191);(370, 213);(437, 213);(0, 0)
39;(393, 213);(414, 259);(348, 259);(280, 281);(280, 214);(459, 258);(505, 280);(505, 213);(370, 416);(348, 506);(348, 618);(438, 416);(460, 506);(505, 618);(392, 191);(415, 191);(370, 213);(437, 213);(0, 0)
40;(415, 213);(415, 280);(370, 281);(302, 303);(280, 235);(460, 280);(505, 280);(505, 213);(392, 416);(370, 528);(348, 618);(460, 416);(482, 528);(505, 618);(393, 191);(415, 191);(392, 213);(437, 213);(0, 0)
41;(415, 213);(437, 259);(392, 280);(325, 303);(281, 236);(460, 259);(505, 280);(483, 213);(393, 416);(348, 506);(348, 596);(460, 416);(482, 506);(505, 618);(415, 191);(437, 191);(393, 213);(438, 213);(0, 0)
42;(415, 191);(437, 236);(393, 258);(347, 303);(302, 258);(482, 236);(505, 280);(482, 213);(393, 393);(347, 483);(347, 595);(460, 394);(482, 506);(505, 618);(415, 169);(437, 169);(415, 191);(460, 191);(0, 0)
43;(437, 168);(438, 236);(414, 236);(370, 303);(303, 281);(482, 236);(505, 280);(460, 213);(415, 371);(347, 461);(347, 573);(460, 393);(482, 505);(505, 596);(415, 168);(438, 168);(415, 168);(460, 168);(0, 0)
44;(437, 168);(459, 214);(415, 236);(370, 303);(325, 281);(483, 213);(505, 280);(460, 235);(415, 349);(325, 438);(347, 551);(460, 371);(482, 483);(505, 596);(437, 146);(459, 146);(415, 168);(460, 168);(0, 0)
45;(437, 168);(459, 214);(415, 236);(370, 303);(325, 281);(483, 213);(505, 280);(460, 235);(415, 370);(325, 438);(347, 551);(460, 371);(482, 483);(505, 596);(437, 146);(459, 146);(415, 168);(460, 168);(0, 0)
46;(437, 146);(459, 213);(415, 213);(392, 281);(325, 304);(483, 213);(505, 280);(438, 258);(415, 348);(325, 393);(347, 506);(460, 370);(482, 483);(505, 596);(437, 146);(459, 146);(415, 146);(460, 146);(0, 0)
47;(438, 146);(460, 213);(415, 213);(393, 281);(348, 326);(483, 213);(505, 281);(438, 281);(415, 348);(325, 371);(326, 483);(460, 348);(482, 461);(527, 595);(437, 145);(460, 145);(415, 146);(482, 146);(0, 0)
48;(438, 146);(460, 213);(415, 213);(415, 281);(415, 303);(483, 213);(504, 281);(438, 304);(415, 326);(325, 348);(325, 461);(482, 348);(482, 461);(527, 596);(437, 145);(460, 145);(437, 146);(482, 146);(0, 0)
49;(438, 146);(460, 213);(415, 214);(415, 303);(415, 326);(504, 213);(483, 303);(460, 326);(415, 326);(325, 326);(325, 439);(482, 348);(482, 461);(527, 596);(437, 146);(460, 146);(437, 146);(482, 146);(0, 0)
50;(459, 168);(460, 235);(437, 236);(415, 303);(393, 348);(504, 214);(504, 303);(460, 348);(437, 326);(325, 303);(325, 416);(482, 349);(482, 461);(527, 596);(437, 146);(460, 146);(437, 168);(482, 168);(0, 0)
51;(459, 168);(460, 235);(437, 236);(415, 303);(393, 348);(504, 214);(504, 303);(460, 348);(437, 326);(325, 303);(325, 416);(482, 349);(482, 461);(527, 596);(437, 146);(460, 146);(437, 168);(482, 168);(0, 0)
52;(460, 169);(460, 236);(437, 258);(437, 326);(370, 303);(505, 236);(504, 326);(460, 371);(437, 348);(347, 303);(303, 416);(482, 371);(482, 483);(527, 618);(438, 168);(460, 168);(437, 169);(482, 169);(0, 0)
53;(460, 191);(460, 258);(437, 258);(437, 326);(370, 303);(505, 258);(504, 348);(438, 393);(437, 370);(348, 303);(303, 415);(482, 393);(482, 505);(527, 618);(438, 190);(460, 190);(437, 191);(482, 191);(0, 0)
54;(460, 191);(460, 258);(437, 280);(437, 348);(393, 371);(505, 258);(504, 348);(437, 393);(415, 371);(348, 303);(303, 415);(482, 393);(482, 506);(527, 618);(438, 191);(460, 191);(437, 191);(482, 191);(0, 0)
55;(459, 191);(460, 258);(437, 259);(437, 326);(393, 349);(505, 258);(504, 348);(437, 370);(415, 371);(347, 303);(303, 416);(482, 393);(482, 506);(527, 618);(438, 191);(460, 190);(437, 191);(482, 191);(0, 0)
56;(438, 190);(460, 258);(415, 258);(415, 325);(392, 304);(504, 236);(504, 326);(437, 326);(415, 371);(325, 304);(303, 438);(460, 393);(482, 505);(527, 618);(437, 168);(460, 168);(437, 191);(482, 191);(0, 0)
57;(438, 190);(460, 258);(415, 258);(415, 325);(392, 304);(505, 236);(504, 326);(437, 326);(415, 371);(325, 304);(303, 438);(460, 393);(482, 484);(527, 618);(437, 168);(460, 168);(437, 191);(482, 191);(0, 0)
58;(438, 168);(460, 236);(415, 236);(393, 303);(393, 281);(483, 235);(505, 303);(437, 281);(415, 348);(325, 326);(302, 439);(460, 371);(482, 483);(527, 596);(437, 168);(460, 168);(415, 168);(482, 168);(0, 0)
59;(437, 146);(438, 213);(415, 214);(392, 303);(348, 304);(483, 213);(505, 259);(437, 258);(415, 348);(303, 326);(281, 461);(460, 371);(482, 483);(527, 596);(437, 146);(459, 146);(415, 168);(460, 146);(0, 0)
60;(437, 146);(438, 213);(393, 214);(370, 281);(303, 281);(482, 213);(505, 258);(438, 213);(393, 348);(303, 349);(280, 484);(460, 371);(482, 483);(505, 596);(415, 145);(438, 145);(415, 146);(460, 146);(0, 0)
61;(437, 145);(437, 213);(393, 213);(348, 259);(280, 258);(482, 191);(505, 236);(460, 191);(392, 348);(302, 393);(280, 528);(438, 349);(460, 483);(505, 596);(415, 124);(438, 124);(415, 146);(460, 146);(0, 0)
62;(415, 146);(437, 213);(392, 213);(325, 258);(280, 236);(460, 191);(505, 235);(460, 168);(392, 348);(303, 416);(280, 551);(438, 349);(460, 461);(504, 596);(415, 145);(437, 145);(393, 146);(460, 146);(0, 0)
63;(415, 146);(437, 213);(392, 213);(325, 258);(280, 236);(460, 191);(505, 235);(460, 168);(392, 348);(303, 416);(280, 551);(438, 349);(460, 461);(504, 596);(415, 145);(437, 145);(393, 146);(460, 146);(0, 0)
64;(415, 146);(415, 213);(370, 214);(303, 258);(258, 213);(460, 213);(505, 214);(482, 168);(370, 370);(325, 461);(280, 573);(437, 371);(459, 483);(482, 596);(393, 146);(415, 146);(392, 146);(437, 146);(0, 0)
65;(415, 168);(415, 236);(370, 236);(281, 258);(258, 191);(460, 236);(505, 235);(482, 168);(370, 371);(325, 483);(303, 596);(415, 371);(437, 483);(482, 618);(393, 146);(415, 168);(392, 168);(437, 168);(0, 0)
66;(393, 190);(393, 236);(348, 236);(280, 258);(258, 190);(438, 236);(505, 236);(504, 169);(348, 393);(325, 506);(325, 618);(415, 393);(437, 506);(482, 618);(392, 168);(415, 168);(370, 191);(415, 191);(0, 0)
67;(392, 191);(392, 258);(347, 258);(258, 258);(258, 190);(437, 258);(505, 258);(505, 191);(347, 415);(325, 506);(325, 618);(415, 416);(437, 506);(482, 618);(392, 191);(393, 191);(370, 191);(415, 191);(0, 0)
68;(392, 191);(370, 258);(325, 258);(258, 258);(258, 191);(415, 258);(505, 259);(527, 213);(326, 416);(303, 528);(325, 618);(393, 415);(437, 506);(482, 618);(370, 191);(393, 191);(370, 191);(415, 191);(0, 0)
69;(392, 191);(370, 258);(325, 258);(258, 258);(258, 191);(415, 258);(505, 259);(527, 213);(326, 416);(303, 528);(325, 618);(393, 416);(437, 506);(482, 618);(370, 191);(393, 191);(370, 191);(415, 191);(0, 0)
70;(393, 191);(370, 258);(325, 236);(258, 258);(258, 191);(415, 258);(483, 281);(527, 235);(326, 393);(303, 506);(325, 618);(393, 393);(437, 484);(482, 596);(392, 169);(393, 169);(348, 191);(370, 258);(0, 0)
71;(393, 168);(370, 236);(325, 236);(280, 258);(280, 213);(415, 236);(482, 280);(527, 236);(325, 393);(325, 506);(325, 618);(393, 371);(437, 461);(460, 573);(392, 168);(393, 168);(348, 168);(370, 235);(0, 0)
72;(393, 168);(370, 214);(325, 214);(280, 280);(280, 235);(415, 214);(482, 280);(528, 258);(326, 371);(325, 483);(325, 618);(393, 349);(460, 460);(438, 551);(392, 146);(393, 146);(348, 168);(370, 236);(0, 0)
73;(393, 146);(370, 213);(325, 191);(280, 258);(303, 258);(415, 213);(460, 280);(527, 281);(347, 349);(325, 483);(325, 596);(393, 348);(460, 416);(438, 528);(392, 146);(393, 146);(348, 146);(393, 146);(0, 0)
74;(393, 146);(370, 191);(325, 191);(281, 258);(303, 281);(415, 213);(460, 281);(505, 303);(347, 348);(325, 483);(325, 596);(393, 348);(460, 393);(437, 506);(392, 145);(393, 145);(348, 146);(370, 191);(0, 0)
75;(393, 146);(370, 191);(325, 191);(281, 258);(303, 281);(415, 213);(460, 281);(505, 303);(347, 348);(325, 483);(325, 596);(393, 348);(460, 393);(437, 506);(392, 145);(393, 124);(348, 146);(370, 191);(0, 0)
76;(393, 146);(370, 213);(325, 191);(303, 258);(303, 304);(415, 213);(438, 281);(504, 326);(347, 348);(325, 461);(325, 596);(415, 348);(460, 371);(437, 483);(392, 124);(393, 124);(348, 146);(370, 191);(0, 0)
77;(393, 146);(370, 213);(325, 213);(303, 281);(303, 348);(415, 213);(437, 303);(482, 348);(347, 349);(325, 483);(325, 596);(393, 348);(460, 370);(437, 461);(392, 146);(393, 146);(348, 146);(392, 146);(0, 0)
78;(393, 168);(370, 214);(325, 214);(303, 303);(303, 371);(415, 236);(415, 303);(438, 326);(347, 371);(325, 483);(325, 596);(393, 349);(460, 348);(415, 461);(370, 146);(393, 146);(348, 168);(392, 146);(0, 0)
79;(393, 168);(370, 236);(325, 236);(303, 325);(325, 393);(415, 258);(415, 326);(437, 348);(347, 393);(325, 506);(325, 618);(393, 371);(460, 348);(415, 483);(370, 168);(393, 168);(348, 169);(392, 168);(0, 0)
80;(392, 191);(370, 258);(325, 258);(325, 326);(325, 415);(415, 258);(415, 326);(415, 348);(347, 393);(325, 506);(325, 618);(393, 371);(460, 370);(437, 483);(370, 190);(392, 169);(348, 191);(392, 190);(0, 0)
81;(392, 191);(370, 258);(325, 258);(325, 326);(325, 415);(415, 258);(415, 326);(415, 348);(347, 393);(325, 506);(325, 618);(393, 371);(460, 370);(437, 483);(370, 190);(392, 169);(348, 191);(371, 191);(0, 0)
82;(392, 191);(370, 259);(325, 258);(325, 348);(347, 394);(415, 259);(415, 348);(459, 349);(348, 394);(325, 506);(325, 618);(415, 393);(460, 371);(437, 483);(370, 191);(392, 191);(348, 213);(392, 236);(0, 0)
83;(392, 191);(370, 258);(325, 258);(325, 326);(370, 371);(415, 259);(437, 348);(437, 371);(348, 394);(325, 528);(325, 618);(415, 393);(482, 371);(460, 505);(370, 191);(392, 190);(348, 213);(393, 191);(0, 0)
84;(392, 190);(370, 258);(326, 258);(348, 303);(393, 326);(415, 258);(460, 326);(505, 371);(348, 393);(326, 506);(325, 618);(415, 371);(483, 371);(460, 506);(370, 169);(392, 168);(348, 191);(393, 191);(0, 0)
85;(393, 168);(392, 236);(347, 236);(370, 258);(415, 258);(437, 236);(482, 303);(550, 348);(370, 393);(347, 505);(325, 618);(415, 371);(505, 371);(483, 506);(370, 168);(393, 168);(370, 169);(415, 168);(0, 0)
86;(393, 168);(393, 235);(370, 214);(370, 235);(437, 213);(438, 235);(504, 281);(572, 303);(370, 371);(348, 505);(325, 596);(437, 370);(505, 393);(505, 528);(392, 146);(415, 146);(370, 168);(415, 168);(0, 0)
87;(393, 168);(393, 235);(370, 214);(370, 235);(437, 213);(438, 235);(504, 281);(572, 303);(370, 371);(348, 505);(325, 596);(437, 370);(505, 393);(505, 528);(392, 146);(415, 146);(370, 168);(415, 168);(0, 0)
88;(415, 146);(393, 214);(370, 213);(370, 213);(414, 168);(438, 214);(505, 258);(595, 258);(392, 371);(370, 484);(347, 596);(459, 348);(527, 415);(549, 528);(415, 146);(415, 146);(392, 168);(437, 168);(0, 0)
89;(437, 146);(415, 213);(392, 213);(392, 169);(437, 101);(460, 214);(528, 214);(617, 213);(415, 371);(370, 483);(370, 596);(460, 349);(528, 438);(572, 551);(415, 146);(437, 145);(393, 168);(527, 416);(0, 0)
90;(438, 146);(437, 213);(393, 213);(415, 145);(437, 78);(482, 214);(549, 213);(618, 168);(415, 371);(370, 483);(370, 596);(482, 349);(549, 461);(594, 573);(437, 146);(459, 146);(415, 168);(460, 168);(0, 0)
91;(460, 146);(460, 213);(415, 213);(415, 146);(437, 56);(505, 214);(550, 191);(617, 145);(415, 371);(392, 484);(393, 596);(483, 371);(550, 483);(617, 596);(459, 146);(460, 146);(437, 168);(482, 168);(0, 0)
92;(482, 168);(460, 235);(437, 214);(415, 146);(415, 78);(527, 236);(550, 213);(595, 123);(437, 393);(393, 506);(415, 618);(505, 393);(550, 483);(617, 618);(460, 168);(482, 168);(438, 168);(505, 168);(0, 0)
93;(482, 168);(482, 235);(437, 214);(415, 146);(415, 78);(527, 236);(550, 213);(595, 123);(437, 393);(393, 506);(415, 618);(505, 393);(550, 483);(617, 618);(460, 168);(482, 168);(438, 168);(505, 168);(0, 0)
94;(504, 190);(483, 236);(460, 236);(415, 168);(415, 78);(528, 236);(572, 168);(572, 101);(438, 393);(415, 506);(415, 618);(505, 393);(572, 505);(617, 619);(482, 168);(505, 168);(482, 191);(527, 190);(0, 0)
95;(505, 191);(527, 236);(482, 236);(437, 190);(393, 101);(550, 236);(572, 146);(550, 100);(482, 394);(437, 506);(415, 618);(528, 394);(595, 506);(639, 641);(505, 190);(527, 169);(483, 191);(549, 191);(0, 0)
96;(528, 191);(549, 236);(505, 236);(459, 213);(393, 146);(594, 236);(572, 168);(549, 101);(505, 394);(460, 506);(415, 618);(572, 394);(617, 506);(639, 641);(527, 169);(550, 168);(505, 191);(572, 191);(0, 0)
97;(549, 191);(572, 236);(527, 236);(460, 236);(393, 191);(617, 236);(595, 213);(527, 123);(527, 393);(482, 506);(415, 618);(594, 393);(639, 506);(639, 641);(549, 213);(550, 190);(550, 191);(550, 191);(0, 0)
98;(594, 168);(594, 235);(550, 236);(482, 236);(393, 214);(639, 214);(572, 191);(527, 146);(550, 393);(504, 506);(460, 596);(617, 393);(662, 506);(639, 641);(573, 168);(594, 168);(573, 190);(595, 169);(0, 0)
99;(594, 168);(594, 235);(550, 236);(482, 236);(393, 214);(639, 214);(572, 191);(527, 146);(550, 393);(504, 506);(460, 596);(617, 393);(662, 506);(639, 641);(573, 168);(594, 168);(594, 190);(595, 168);(0, 0)
100;(595, 169);(617, 236);(572, 236);(504, 259);(415, 259);(662, 214);(639, 236);(550, 213);(572, 393);(527, 506);(505, 596);(640, 393);(662, 506);(640, 641);(595, 168);(617, 168);(573, 190);(639, 169);(0, 0)
101;(617, 168);(617, 236);(594, 236);(527, 281);(438, 325);(684, 214);(661, 258);(572, 258);(595, 393);(550, 484);(550, 596);(662, 393);(684, 506);(640, 641);(617, 168);(639, 168);(595, 190);(662, 168);(0, 0)
102;(640, 168);(640, 236);(595, 258);(550, 304);(504, 370);(706, 235);(684, 281);(617, 326);(617, 393);(594, 506);(617, 596);(684, 394);(685, 528);(640, 641);(639, 168);(662, 168);(617, 190);(662, 168);(0, 0)
103;(662, 168);(662, 236);(617, 258);(594, 326);(549, 393);(707, 236);(707, 304);(685, 371);(639, 394);(639, 528);(684, 618);(707, 394);(707, 528);(662, 640);(662, 168);(662, 168);(640, 191);(685, 169);(0, 0)
104;(684, 190);(685, 258);(640, 258);(617, 348);(595, 416);(751, 258);(752, 326);(752, 393);(662, 416);(662, 528);(729, 574);(729, 416);(707, 528);(662, 640);(684, 168);(685, 168);(662, 191);(707, 190);(0, 0)
105;(684, 190);(685, 258);(640, 258);(617, 348);(595, 416);(751, 258);(752, 326);(752, 393);(662, 416);(662, 528);(729, 574);(729, 416);(707, 528);(662, 640);(684, 168);(685, 168);(662, 191);(707, 190);(0, 0)
106;(707, 191);(707, 258);(662, 259);(662, 348);(662, 438);(752, 258);(796, 326);(797, 415);(685, 416);(707, 528);(775, 618);(751, 416);(729, 528);(662, 640);(685, 190);(707, 190);(684, 191);(729, 191);(0, 0)
107;(729, 191);(729, 259);(684, 280);(685, 349);(707, 416);(774, 258);(819, 326);(864, 393);(707, 438);(751, 528);(819, 618);(774, 416);(752, 528);(685, 619);(707, 191);(729, 191);(706, 213);(752, 191);(0, 0)
108;(730, 213);(752, 280);(707, 281);(707, 348);(774, 394);(797, 259);(842, 326);(909, 393);(729, 416);(752, 528);(819, 619);(796, 416);(774, 528);(707, 618);(729, 191);(752, 191);(707, 213);(774, 213);(0, 0)
109;(752, 191);(774, 259);(729, 259);(752, 326);(819, 349);(819, 258);(864, 304);(932, 348);(752, 416);(752, 528);(819, 618);(797, 416);(797, 506);(752, 618);(752, 191);(774, 191);(729, 213);(774, 191);(0, 0)
110;(774, 191);(775, 258);(730, 258);(774, 303);(842, 303);(841, 258);(887, 281);(976, 304);(752, 416);(774, 528);(797, 596);(819, 415);(841, 506);(797, 596);(752, 190);(774, 169);(752, 191);(797, 191);(0, 0)
111;(774, 191);(775, 258);(730, 258);(774, 303);(842, 303);(841, 258);(887, 281);(976, 304);(752, 416);(774, 528);(797, 596);(819, 415);(841, 506);(797, 596);(752, 190);(774, 169);(752, 191);(797, 191);(0, 0)
112;(797, 168);(797, 236);(752, 236);(796, 259);(864, 258);(842, 236);(909, 258);(977, 259);(774, 393);(774, 506);(797, 618);(842, 393);(864, 483);(842, 596);(774, 168);(797, 168);(774, 190);(819, 169);(0, 0)
113;(819, 168);(819, 213);(774, 214);(819, 235);(886, 191);(864, 213);(931, 236);(999, 235);(797, 393);(797, 506);(797, 618);(864, 371);(887, 483);(886, 596);(797, 146);(819, 146);(796, 168);(841, 168);(0, 0)
114;(841, 146);(841, 213);(797, 213);(819, 213);(887, 146);(886, 213);(932, 213);(1021, 191);(819, 371);(819, 484);(797, 618);(886, 370);(909, 461);(931, 596);(819, 146);(842, 145);(797, 168);(842, 168);(0, 0)
115;(842, 146);(842, 191);(819, 191);(819, 191);(909, 101);(887, 213);(954, 191);(1043, 146);(841, 371);(819, 483);(819, 596);(909, 349);(932, 461);(976, 595);(820, 145);(842, 124);(819, 146);(864, 146);(0, 0)
116;(886, 146);(864, 191);(841, 191);(842, 168);(909, 78);(909, 191);(976, 191);(1044, 123);(864, 370);(841, 483);(819, 596);(909, 349);(954, 461);(999, 596);(864, 146);(909, 123);(864, 168);(887, 146);(0, 0)
117;(886, 146);(864, 191);(841, 191);(842, 168);(909, 78);(909, 191);(976, 191);(1044, 123);(864, 370);(841, 483);(819, 596);(909, 349);(954, 461);(999, 596);(864, 146);(909, 123);(864, 168);(887, 146);(0, 0)
118;(909, 146);(887, 213);(864, 191);(864, 145);(909, 56);(931, 213);(999, 168);(1044, 101);(886, 371);(842, 483);(842, 596);(932, 371);(998, 483);(1043, 596);(887, 124);(909, 124);(887, 146);(976, 146);(0, 0)
119;(909, 168);(909, 213);(864, 213);(886, 124);(887, 56);(954, 213);(999, 168);(1044, 100);(887, 393);(864, 505);(864, 596);(954, 371);(999, 484);(1044, 618);(908, 146);(909, 146);(887, 168);(931, 168);(0, 0)
120;(931, 169);(932, 235);(887, 236);(886, 168);(887, 78);(976, 235);(1021, 146);(1022, 78);(909, 393);(887, 506);(864, 618);(977, 393);(1021, 506);(1044, 619);(931, 168);(932, 168);(909, 191);(954, 169);(0, 0)
121;(954, 191);(954, 236);(909, 236);(887, 168);(886, 79);(999, 236);(1021, 168);(1021, 79);(932, 416);(931, 528);(886, 619);(999, 394);(1044, 528);(1066, 640);(932, 169);(954, 169);(931, 191);(976, 191);(0, 0)
122;(976, 191);(976, 236);(931, 236);(887, 168);(864, 101);(1021, 236);(1022, 168);(1021, 79);(954, 416);(931, 528);(886, 619);(1021, 415);(1044, 528);(1066, 641);(954, 191);(976, 191);(954, 191);(999, 191);(0, 0)
123;(976, 191);(976, 236);(931, 236);(887, 168);(864, 101);(1021, 236);(1022, 168);(1021, 79);(954, 416);(931, 528);(886, 619);(1021, 415);(1044, 528);(1066, 641);(954, 191);(976, 191);(954, 191);(999, 191);(0, 0)
124;(977, 191);(998, 236);(932, 236);(887, 191);(842, 123);(1043, 236);(1043, 146);(1021, 79);(954, 415);(909, 506);(886, 618);(1043, 394);(1066, 528);(1066, 640);(976, 169);(999, 168);(954, 191);(1021, 191);(0, 0)
125;(998, 168);(999, 214);(954, 236);(909, 213);(841, 146);(1044, 214);(1044, 146);(1021, 79);(976, 393);(909, 483);(886, 595);(1043, 393);(1044, 506);(1066, 640);(976, 168);(999, 168);(954, 168);(1021, 168);(0, 0)
126;(998, 146);(1021, 213);(954, 213);(887, 213);(819, 169);(1066, 191);(1066, 191);(1021, 101);(976, 371);(909, 460);(886, 551);(1043, 371);(1044, 505);(1066, 618);(976, 146);(999, 146);(976, 146);(1021, 146);(0, 0)
127;(977, 146);(1021, 191);(976, 213);(909, 213);(819, 213);(1066, 191);(1066, 191);(1021, 146);(976, 348);(887, 416);(887, 528);(1044, 371);(1044, 483);(1066, 618);(976, 124);(999, 145);(1022, 146);(1021, 124);(0, 0)
128;(998, 145);(1021, 191);(976, 191);(909, 236);(841, 236);(1067, 191);(1066, 191);(999, 169);(977, 326);(887, 371);(887, 484);(1044, 348);(1044, 461);(1067, 596);(977, 123);(999, 123);(999, 145);(1043, 124);(0, 0)
129;(998, 145);(1021, 191);(976, 191);(909, 236);(841, 236);(1067, 191);(1066, 191);(999, 169);(977, 326);(887, 371);(887, 484);(1044, 348);(1044, 461);(1067, 596);(977, 123);(999, 123);(999, 145);(1043, 124);(0, 0)
130;(998, 145);(1022, 191);(976, 213);(931, 258);(864, 281);(1066, 191);(1066, 214);(999, 214);(977, 326);(887, 348);(887, 461);(1044, 348);(1066, 461);(1067, 596);(999, 123);(999, 123);(1066, 168);(1043, 145);(0, 0)
131;(998, 145);(1022, 191);(977, 213);(954, 259);(909, 303);(1067, 191);(1066, 236);(1021, 259);(977, 326);(909, 325);(887, 438);(1044, 348);(1066, 483);(1088, 596);(999, 123);(999, 124);(1044, 168);(1043, 145);(0, 0)
132;(999, 146);(1022, 213);(998, 213);(976, 281);(932, 303);(1067, 213);(1066, 281);(1021, 304);(977, 348);(909, 281);(887, 416);(1044, 370);(1066, 483);(1089, 596);(998, 146);(999, 146);(1044, 168);(1043, 146);(0, 0)
133;(999, 168);(1043, 214);(999, 236);(977, 303);(976, 303);(1067, 213);(1066, 303);(1044, 348);(999, 348);(909, 281);(887, 416);(1044, 371);(1066, 484);(1089, 618);(999, 146);(1021, 146);(1044, 191);(1044, 168);(0, 0)
134;(999, 169);(1044, 236);(999, 258);(999, 326);(976, 349);(1088, 236);(1067, 325);(1044, 371);(999, 371);(931, 303);(887, 415);(1044, 393);(1066, 506);(1089, 618);(999, 168);(1021, 168);(1021, 169);(1044, 169);(0, 0)
135;(999, 169);(1044, 236);(999, 258);(999, 326);(976, 349);(1088, 236);(1067, 325);(1044, 371);(999, 371);(931, 303);(887, 415);(1044, 393);(1066, 506);(1089, 618);(999, 168);(1021, 168);(1021, 169);(1044, 169);(0, 0)
136;(999, 191);(1044, 258);(999, 258);(999, 348);(954, 303);(1088, 236);(1088, 326);(1044, 393);(999, 371);(931, 303);(887, 416);(1044, 394);(1066, 506);(1089, 640);(999, 191);(1021, 190);(1021, 191);(1044, 191);(0, 0)
137;(999, 191);(1044, 258);(999, 259);(999, 348);(977, 371);(1089, 258);(1067, 326);(1044, 371);(999, 393);(931, 325);(865, 416);(1066, 415);(1066, 528);(1089, 640);(999, 191);(1021, 191);(1044, 213);(1044, 191);(0, 0)
138;(999, 191);(1044, 258);(999, 258);(977, 326);(977, 348);(1088, 258);(1066, 326);(1043, 348);(999, 371);(909, 326);(864, 438);(1044, 394);(1066, 506);(1089, 640);(999, 190);(1021, 190);(1044, 213);(1044, 191);(0, 0)
139;(1021, 169);(1044, 236);(999, 258);(954, 326);(976, 303);(1088, 236);(1066, 281);(999, 281);(998, 371);(909, 326);(864, 439);(1044, 393);(1066, 506);(1089, 619);(999, 168);(1021, 168);(1021, 168);(1044, 169);(0, 0)
140;(1021, 168);(1022, 214);(977, 235);(932, 281);(864, 325);(1088, 213);(1066, 236);(999, 235);(976, 349);(887, 348);(864, 461);(1043, 371);(1066, 505);(1089, 618);(999, 146);(1021, 146);(999, 168);(1044, 168);(0, 0)
141;(1021, 168);(1022, 214);(977, 235);(932, 281);(864, 325);(1088, 213);(1066, 236);(999, 235);(976, 349);(887, 348);(864, 461);(1043, 371);(1066, 505);(1089, 618);(999, 146);(1021, 146);(999, 168);(1044, 168);(0, 0)
142;(1021, 146);(1021, 213);(976, 213);(909, 258);(842, 280);(1066, 191);(1066, 213);(999, 168);(976, 348);(886, 348);(842, 483);(1022, 371);(1044, 483);(1089, 596);(999, 146);(1021, 146);(999, 146);(1044, 146);(0, 0)
143;(999, 146);(1021, 213);(976, 213);(909, 236);(819, 236);(1044, 191);(1066, 191);(1021, 124);(954, 348);(886, 371);(842, 506);(1021, 371);(1044, 483);(1088, 596);(998, 146);(999, 146);(999, 146);(1021, 146);(0, 0)
144;(999, 146);(999, 191);(954, 213);(887, 213);(819, 191);(1044, 191);(1066, 168);(999, 78);(954, 348);(864, 416);(841, 528);(1021, 370);(1044, 483);(1066, 596);(977, 145);(999, 124);(976, 146);(1021, 146);(0, 0)
145;(998, 146);(998, 191);(953, 213);(886, 191);(819, 168);(1022, 191);(1022, 123);(999, 56);(932, 349);(864, 460);(841, 551);(999, 371);(1022, 483);(1066, 596);(976, 146);(999, 146);(954, 146);(1021, 146);(0, 0)
146;(976, 168);(976, 213);(931, 213);(886, 191);(819, 124);(1021, 213);(1022, 123);(999, 56);(931, 371);(886, 461);(842, 573);(999, 371);(1021, 483);(1044, 596);(976, 146);(998, 146);(954, 168);(999, 168);(0, 0)
147;(976, 168);(976, 213);(931, 213);(886, 191);(819, 124);(1021, 213);(1022, 123);(999, 56);(931, 371);(886, 461);(842, 573);(999, 371);(1021, 483);(1044, 596);(976, 146);(998, 146);(954, 168);(999, 168);(0, 0)
148;(976, 169);(954, 214);(909, 235);(864, 169);(841, 101);(999, 214);(1021, 124);(999, 56);(909, 371);(887, 505);(842, 618);(977, 393);(1021, 505);(1022, 596);(954, 168);(976, 168);(932, 168);(998, 168);(0, 0)
149;(954, 191);(953, 236);(887, 236);(864, 168);(842, 100);(998, 236);(1021, 168);(1021, 79);(909, 394);(887, 506);(864, 618);(976, 394);(999, 506);(1021, 618);(953, 190);(954, 191);(931, 191);(976, 191);(0, 0)
150;(932, 213);(931, 258);(886, 258);(864, 168);(864, 101);(976, 258);(1021, 169);(1021, 101);(887, 416);(886, 528);(842, 618);(954, 416);(999, 528);(1021, 618);(931, 191);(954, 191);(909, 191);(954, 213);(0, 0)
151;(931, 213);(909, 258);(886, 258);(864, 191);(886, 101);(954, 258);(1021, 191);(1044, 123);(886, 416);(864, 528);(842, 618);(953, 416);(999, 528);(1021, 618);(931, 191);(932, 191);(909, 213);(932, 213);(0, 0)
152;(931, 191);(909, 258);(864, 236);(886, 168);(887, 101);(932, 258);(999, 235);(1044, 168);(886, 416);(864, 528);(842, 618);(932, 415);(999, 505);(1021, 596);(909, 191);(931, 191);(887, 191);(931, 213);(0, 0)
153;(931, 191);(909, 258);(864, 236);(886, 168);(887, 101);(953, 258);(998, 236);(1044, 168);(886, 416);(864, 528);(842, 618);(932, 415);(999, 505);(1021, 596);(909, 191);(931, 191);(908, 191);(931, 213);(0, 0)
154;(931, 190);(887, 236);(864, 235);(864, 213);(909, 123);(931, 236);(999, 235);(1066, 190);(886, 393);(864, 506);(842, 618);(932, 393);(1021, 483);(1021, 595);(909, 168);(909, 168);(887, 191);(909, 191);(0, 0)
155;(931, 169);(887, 214);(864, 213);(864, 213);(909, 146);(931, 235);(998, 236);(1066, 213);(886, 371);(864, 505);(842, 618);(932, 371);(1021, 438);(1021, 551);(909, 168);(909, 168);(887, 168);(909, 168);(0, 0)
156;(909, 146);(887, 213);(842, 191);(864, 214);(931, 191);(931, 213);(977, 236);(1066, 236);(886, 371);(864, 483);(842, 596);(931, 348);(1021, 416);(1021, 529);(887, 146);(909, 146);(864, 146);(931, 146);(0, 0)
157;(887, 146);(886, 191);(842, 191);(864, 236);(932, 213);(931, 191);(954, 258);(1022, 281);(886, 348);(864, 483);(842, 596);(931, 348);(1022, 393);(1021, 506);(886, 124);(909, 124);(864, 146);(909, 146);(0, 0)
158;(887, 146);(886, 213);(842, 191);(886, 258);(909, 280);(909, 213);(954, 280);(999, 303);(864, 349);(864, 483);(842, 596);(931, 348);(1021, 349);(1021, 483);(886, 124);(909, 124);(864, 146);(909, 146);(0, 0)
159;(887, 146);(886, 213);(842, 191);(886, 258);(909, 280);(909, 213);(954, 280);(999, 303);(864, 349);(864, 483);(842, 596);(931, 348);(1021, 349);(1021, 483);(886, 124);(909, 124);(864, 146);(909, 146);(0, 0)
160;(887, 146);(886, 213);(842, 213);(864, 258);(909, 325);(909, 213);(931, 280);(932, 303);(864, 349);(864, 483);(842, 596);(909, 348);(1022, 326);(1021, 461);(886, 145);(909, 145);(864, 146);(909, 146);(0, 0)
161;(887, 146);(886, 214);(842, 214);(864, 281);(887, 348);(909, 235);(909, 303);(931, 348);(864, 371);(864, 483);(841, 596);(931, 348);(1021, 326);(1021, 460);(886, 146);(887, 146);(864, 168);(909, 168);(0, 0)
162;(887, 168);(886, 236);(842, 236);(864, 325);(886, 393);(909, 236);(909, 304);(931, 371);(864, 371);(864, 506);(819, 618);(931, 349);(1021, 304);(1021, 438);(886, 168);(887, 168);(864, 169);(909, 168);(0, 0)
163;(887, 190);(886, 258);(842, 258);(864, 348);(886, 415);(909, 258);(909, 326);(931, 415);(864, 393);(864, 506);(819, 618);(909, 371);(999, 325);(1022, 438);(886, 169);(887, 169);(864, 191);(909, 191);(0, 0)
164;(887, 191);(865, 258);(842, 258);(864, 348);(886, 416);(909, 258);(909, 326);(932, 416);(864, 415);(864, 528);(819, 618);(931, 371);(999, 326);(1043, 438);(886, 191);(887, 190);(864, 191);(909, 191);(0, 0)
165;(887, 191);(865, 258);(842, 258);(864, 348);(886, 416);(909, 258);(909, 326);(932, 416);(864, 415);(864, 528);(819, 618);(931, 371);(999, 326);(1043, 438);(886, 191);(887, 190);(864, 191);(909, 191);(0, 0)
166;(886, 191);(886, 258);(842, 258);(864, 326);(887, 393);(909, 259);(931, 348);(931, 371);(864, 394);(864, 528);(819, 618);(931, 371);(999, 326);(1044, 439);(886, 191);(887, 191);(864, 191);(909, 191);(0, 0)
167;(887, 190);(886, 258);(842, 258);(886, 326);(931, 349);(909, 258);(932, 325);(954, 348);(864, 394);(864, 506);(819, 618);(931, 371);(1021, 326);(1066, 461);(886, 169);(887, 168);(864, 191);(909, 191);(0, 0)
168;(887, 168);(886, 236);(842, 235);(864, 280);(931, 303);(931, 236);(954, 303);(976, 303);(864, 393);(864, 505);(819, 618);(931, 370);(1021, 348);(1066, 461);(886, 168);(887, 168);(864, 168);(909, 168);(0, 0)
169;(887, 146);(887, 213);(842, 213);(864, 236);(932, 235);(931, 213);(977, 280);(1044, 303);(886, 371);(864, 483);(819, 596);(932, 348);(1044, 348);(1066, 483);(886, 146);(909, 146);(864, 168);(909, 146);(0, 0)
170;(887, 146);(887, 191);(864, 191);(865, 213);(931, 190);(932, 213);(999, 236);(1066, 258);(886, 370);(864, 483);(841, 596);(953, 348);(1044, 371);(1067, 506);(886, 145);(909, 124);(864, 146);(909, 146);(0, 0)
171;(887, 146);(887, 191);(864, 191);(886, 213);(931, 190);(932, 213);(999, 236);(1066, 258);(886, 349);(864, 483);(820, 596);(953, 348);(1044, 371);(1067, 506);(887, 145);(909, 124);(864, 146);(909, 146);(0, 0)
172;(909, 124);(909, 191);(864, 191);(864, 191);(931, 145);(932, 191);(1021, 213);(1089, 213);(887, 349);(864, 483);(841, 595);(954, 348);(1044, 393);(1067, 528);(887, 123);(909, 123);(864, 146);(931, 146);(0, 0)
173;(931, 145);(909, 191);(864, 191);(886, 168);(931, 79);(932, 191);(1021, 191);(1089, 168);(909, 348);(864, 461);(842, 574);(954, 326);(1043, 416);(1066, 551);(909, 124);(887, 123);(886, 168);(931, 101);(0, 0)
174;(931, 145);(909, 191);(886, 191);(886, 168);(909, 78);(954, 191);(1021, 191);(1089, 145);(909, 349);(886, 483);(842, 574);(976, 348);(1021, 460);(1066, 573);(909, 123);(931, 123);(909, 146);(864, 146);(0, 0)
175;(932, 146);(931, 213);(887, 213);(886, 146);(909, 56);(976, 213);(1044, 168);(1089, 101);(909, 371);(886, 483);(864, 596);(976, 370);(1021, 483);(1043, 596);(931, 146);(954, 146);(909, 146);(976, 124);(0, 0)
176;(954, 168);(932, 213);(887, 214);(887, 146);(887, 78);(977, 213);(1044, 168);(1067, 101);(909, 393);(887, 505);(864, 618);(977, 371);(999, 505);(1021, 618);(932, 168);(954, 168);(909, 168);(954, 168);(0, 0)
177;(954, 168);(932, 213);(908, 213);(887, 146);(887, 78);(977, 213);(1044, 168);(1067, 101);(909, 393);(887, 505);(864, 618);(977, 371);(999, 505);(1021, 618);(932, 168);(954, 168);(909, 168);(954, 168);(0, 0)
178;(954, 190);(954, 236);(909, 236);(886, 146);(886, 79);(999, 236);(1044, 146);(1066, 78);(931, 394);(909, 506);(864, 618);(999, 393);(999, 506);(999, 619);(953, 169);(954, 168);(931, 191);(976, 191);(0, 0)
179;(954, 191);(954, 236);(909, 236);(886, 168);(864, 101);(1021, 236);(1044, 146);(1044, 78);(932, 415);(909, 528);(864, 618);(999, 394);(1021, 528);(999, 619);(954, 169);(976, 190);(932, 191);(977, 191);(0, 0)
180;(976, 191);(976, 236);(931, 236);(864, 191);(842, 123);(1021, 236);(1043, 168);(1021, 79);(932, 415);(887, 506);(864, 596);(999, 394);(1021, 506);(1021, 619);(954, 169);(977, 169);(954, 191);(999, 191);(0, 0)
181;(976, 168);(977, 235);(932, 236);(886, 213);(841, 168);(1021, 235);(1022, 146);(1021, 79);(932, 393);(886, 483);(864, 595);(999, 393);(1021, 506);(1021, 618);(976, 168);(977, 168);(954, 169);(999, 169);(0, 0)
182;(976, 168);(998, 213);(953, 214);(864, 213);(797, 169);(1022, 213);(1044, 191);(999, 101);(932, 371);(865, 460);(864, 573);(999, 393);(1021, 505);(1021, 618);(976, 146);(998, 146);(954, 168);(999, 168);(0, 0)
183;(976, 168);(998, 213);(953, 214);(864, 213);(797, 169);(1022, 213);(1044, 191);(999, 101);(932, 371);(865, 460);(864, 573);(999, 393);(1021, 505);(1021, 618);(976, 146);(998, 146);(954, 168);(999, 168);(0, 0)
184;(976, 146);(998, 213);(953, 213);(864, 213);(797, 213);(1022, 191);(1044, 191);(1021, 146);(932, 348);(864, 416);(864, 550);(999, 371);(999, 483);(1021, 618);(954, 124);(977, 124);(976, 146);(999, 146);(0, 0)
185;(954, 145);(998, 191);(953, 191);(865, 236);(797, 236);(1043, 190);(1044, 191);(999, 168);(954, 326);(864, 393);(864, 506);(999, 349);(999, 483);(1021, 596);(954, 123);(976, 123);(976, 145);(999, 124);(0, 0)
186;(954, 124);(998, 191);(953, 191);(886, 258);(819, 281);(1043, 190);(1043, 213);(976, 213);(932, 326);(842, 371);(864, 483);(999, 348);(999, 461);(1021, 596);(954, 123);(976, 123);(931, 326);(999, 124);(0, 0)
187;(954, 145);(977, 191);(932, 191);(909, 259);(841, 303);(1022, 190);(1043, 236);(999, 258);(932, 326);(842, 348);(842, 461);(999, 348);(999, 461);(1021, 596);(954, 123);(976, 123);(976, 145);(999, 124);(0, 0)
188;(954, 146);(977, 191);(932, 213);(909, 281);(886, 304);(1022, 191);(1043, 258);(999, 303);(931, 326);(842, 326);(842, 461);(999, 349);(999, 483);(1021, 618);(954, 124);(954, 124);(999, 168);(999, 145);(0, 0)
189;(954, 146);(977, 191);(932, 213);(909, 281);(886, 304);(1022, 191);(1043, 258);(999, 303);(931, 326);(842, 326);(842, 461);(999, 349);(999, 483);(1021, 618);(954, 124);(954, 124);(999, 168);(999, 145);(0, 0)
190;(954, 146);(977, 213);(932, 214);(931, 303);(887, 326);(1022, 213);(1022, 303);(999, 348);(932, 349);(842, 303);(842, 438);(999, 371);(999, 505);(1021, 618);(954, 146);(954, 146);(954, 146);(998, 146);(0, 0)
191;(954, 168);(977, 236);(932, 236);(932, 326);(909, 370);(1022, 235);(1022, 304);(1021, 371);(932, 393);(864, 303);(842, 438);(999, 393);(999, 506);(1021, 619);(932, 168);(954, 168);(999, 191);(998, 168);(0, 0)
192;(954, 191);(977, 258);(932, 258);(931, 348);(909, 393);(1021, 236);(1022, 326);(1021, 393);(932, 393);(864, 304);(842, 438);(999, 415);(999, 528);(1021, 640);(932, 190);(954, 168);(999, 213);(998, 190);(0, 0)
193;(932, 191);(976, 258);(932, 258);(931, 326);(887, 326);(1021, 258);(1021, 326);(999, 393);(931, 371);(864, 304);(841, 438);(977, 415);(999, 528);(1021, 640);(932, 191);(954, 169);(954, 191);(998, 191);(0, 0)
194;(953, 190);(976, 258);(931, 258);(909, 326);(887, 326);(1021, 236);(999, 326);(954, 370);(931, 371);(842, 303);(819, 438);(976, 393);(998, 506);(1021, 640);(932, 169);(954, 168);(954, 190);(998, 190);(0, 0)
195;(953, 190);(976, 258);(931, 258);(909, 326);(887, 326);(1021, 236);(999, 326);(954, 370);(931, 371);(842, 303);(819, 438);(976, 393);(998, 506);(1021, 640);(932, 169);(954, 168);(954, 190);(998, 190);(0, 0)
196;(932, 168);(976, 236);(931, 236);(886, 303);(842, 304);(1021, 236);(976, 303);(932, 303);(909, 371);(841, 326);(797, 438);(954, 393);(977, 506);(1021, 619);(932, 168);(954, 168);(977, 191);(977, 168);(0, 0)
197;(932, 168);(954, 214);(909, 214);(864, 280);(796, 303);(999, 213);(977, 236);(909, 236);(909, 348);(819, 326);(796, 439);(954, 371);(976, 483);(1021, 618);(931, 146);(954, 146);(976, 191);(976, 168);(0, 0)
198;(931, 146);(954, 191);(887, 213);(842, 236);(774, 258);(999, 191);(976, 213);(909, 191);(887, 348);(797, 326);(774, 461);(954, 371);(976, 483);(999, 618);(931, 145);(932, 145);(909, 146);(976, 146);(0, 0)
199;(931, 146);(932, 191);(909, 191);(820, 213);(752, 213);(977, 191);(976, 191);(909, 124);(886, 348);(796, 348);(752, 483);(932, 371);(954, 483);(977, 618);(931, 145);(931, 124);(931, 168);(954, 146);(0, 0)
200;(908, 146);(931, 191);(886, 213);(819, 191);(752, 168);(976, 191);(976, 169);(909, 101);(864, 348);(774, 371);(729, 506);(931, 370);(954, 483);(976, 618);(887, 145);(909, 145);(909, 146);(931, 146);(0, 0)
201;(909, 146);(931, 191);(886, 213);(819, 191);(752, 168);(976, 191);(976, 169);(909, 101);(864, 348);(774, 371);(729, 506);(931, 370);(954, 483);(976, 618);(887, 145);(909, 145);(909, 146);(931, 146);(0, 0)
202;(887, 146);(909, 191);(864, 213);(819, 191);(752, 145);(954, 191);(931, 123);(908, 78);(864, 348);(774, 438);(707, 550);(909, 371);(932, 483);(954, 618);(887, 146);(909, 146);(886, 146);(909, 146);(0, 0)
203;(886, 168);(887, 213);(842, 213);(797, 168);(752, 101);(932, 213);(931, 123);(909, 56);(842, 371);(752, 461);(707, 573);(909, 371);(931, 505);(932, 618);(864, 146);(887, 146);(864, 168);(909, 168);(0, 0)
204;(864, 190);(864, 235);(820, 235);(796, 146);(774, 78);(909, 235);(931, 124);(909, 56);(819, 393);(774, 483);(707, 596);(908, 393);(909, 506);(931, 619);(864, 168);(886, 168);(842, 168);(887, 169);(0, 0)
205;(842, 191);(842, 236);(797, 236);(796, 146);(796, 78);(909, 236);(931, 146);(931, 56);(819, 393);(752, 506);(707, 618);(886, 394);(909, 506);(931, 619);(842, 169);(864, 169);(819, 190);(886, 190);(0, 0)
206;(841, 191);(820, 236);(796, 236);(796, 168);(797, 78);(886, 236);(909, 168);(932, 78);(796, 415);(730, 506);(707, 640);(864, 415);(909, 528);(931, 640);(819, 169);(842, 169);(819, 190);(864, 191);(0, 0)
207;(841, 191);(820, 236);(796, 236);(796, 168);(797, 78);(886, 236);(909, 168);(932, 78);(796, 415);(730, 506);(707, 640);(864, 415);(909, 528);(931, 640);(819, 169);(842, 169);(797, 191);(864, 191);(0, 0)
208;(819, 190);(797, 236);(774, 235);(774, 168);(819, 100);(842, 236);(909, 169);(953, 123);(774, 393);(707, 506);(685, 641);(841, 393);(886, 528);(931, 619);(797, 168);(819, 168);(774, 191);(841, 190);(0, 0)
209;(797, 190);(774, 235);(751, 214);(752, 191);(819, 101);(819, 236);(886, 213);(954, 146);(730, 394);(706, 506);(685, 641);(797, 393);(864, 506);(909, 618);(796, 168);(819, 168);(774, 190);(774, 236);(0, 0)
210;(774, 168);(752, 236);(707, 214);(729, 213);(819, 146);(797, 236);(864, 235);(954, 190);(707, 394);(684, 506);(685, 641);(774, 393);(841, 506);(886, 618);(752, 168);(774, 168);(751, 168);(774, 169);(0, 0)
211;(751, 168);(730, 235);(685, 213);(729, 236);(797, 191);(774, 236);(842, 236);(931, 235);(685, 393);(684, 506);(685, 641);(752, 393);(797, 484);(819, 618);(729, 168);(752, 168);(729, 168);(774, 190);(0, 0)
212;(707, 168);(707, 235);(662, 214);(707, 258);(774, 258);(752, 236);(819, 259);(909, 280);(662, 393);(662, 528);(684, 641);(730, 393);(775, 506);(752, 596);(707, 168);(729, 168);(685, 168);(751, 169);(0, 0)
213;(707, 168);(707, 235);(662, 214);(707, 258);(774, 258);(752, 236);(819, 259);(909, 280);(662, 393);(662, 528);(684, 641);(730, 393);(775, 506);(752, 596);(707, 168);(729, 168);(685, 168);(751, 169);(0, 0)
214;(706, 168);(685, 236);(640, 236);(662, 281);(729, 304);(730, 236);(797, 281);(886, 326);(662, 394);(662, 528);(684, 641);(707, 393);(752, 528);(707, 595);(684, 168);(707, 168);(684, 169);(729, 169);(0, 0)
215;(684, 169);(684, 236);(639, 236);(639, 325);(662, 371);(707, 236);(774, 304);(841, 349);(640, 394);(662, 528);(684, 641);(707, 394);(707, 528);(640, 596);(662, 168);(684, 168);(640, 190);(707, 190);(0, 0)
216;(662, 191);(661, 258);(595, 258);(595, 348);(595, 415);(707, 258);(730, 326);(796, 393);(639, 416);(640, 528);(684, 641);(684, 416);(684, 528);(595, 596);(640, 169);(662, 169);(639, 191);(684, 191);(0, 0)
217;(639, 191);(639, 258);(573, 258);(572, 348);(550, 416);(684, 258);(707, 348);(729, 416);(595, 416);(639, 528);(684, 641);(662, 416);(639, 528);(550, 618);(617, 190);(640, 190);(617, 191);(662, 191);(0, 0)
218;(617, 191);(617, 259);(572, 258);(527, 348);(483, 415);(662, 259);(684, 348);(684, 416);(573, 416);(617, 528);(662, 641);(639, 416);(617, 528);(528, 618);(617, 191);(617, 191);(595, 191);(640, 191);(0, 0)
219;(617, 191);(617, 259);(572, 258);(527, 348);(483, 415);(662, 259);(684, 348);(684, 416);(573, 416);(617, 528);(662, 641);(639, 416);(617, 528);(528, 618);(617, 191);(617, 191);(595, 191);(640, 191);(0, 0)
220;(595, 191);(595, 258);(550, 258);(505, 326);(438, 393);(640, 259);(640, 326);(617, 393);(550, 416);(595, 528);(640, 640);(617, 416);(594, 528);(528, 618);(595, 191);(617, 191);(572, 191);(618, 191);(0, 0)
221;(594, 191);(573, 258);(527, 258);(482, 303);(415, 348);(639, 258);(617, 326);(550, 348);(550, 394);(572, 506);(617, 618);(595, 415);(572, 506);(527, 618);(572, 190);(595, 190);(572, 191);(617, 191);(0, 0)
222;(572, 190);(572, 236);(527, 236);(460, 281);(392, 303);(617, 236);(572, 281);(505, 281);(527, 393);(549, 484);(572, 596);(594, 393);(572, 506);(550, 596);(550, 168);(572, 168);(550, 191);(595, 191);(0, 0)
223;(550, 168);(550, 235);(505, 235);(437, 258);(370, 258);(594, 236);(550, 258);(483, 236);(505, 371);(505, 483);(527, 574);(572, 393);(550, 505);(549, 596);(549, 168);(550, 168);(527, 168);(572, 168);(0, 0)
224;(527, 168);(527, 213);(482, 213);(415, 214);(347, 213);(572, 213);(550, 235);(482, 191);(482, 371);(482, 483);(482, 574);(549, 371);(549, 484);(528, 618);(527, 146);(549, 146);(505, 168);(572, 168);(0, 0)
225;(527, 168);(527, 213);(482, 213);(415, 214);(347, 213);(572, 213);(550, 235);(482, 191);(482, 371);(482, 483);(482, 574);(549, 371);(549, 484);(528, 618);(527, 146);(549, 146);(505, 168);(572, 168);(0, 0)
226;(527, 146);(505, 191);(482, 191);(415, 191);(348, 169);(550, 191);(527, 191);(459, 124);(460, 349);(438, 461);(437, 573);(527, 371);(527, 483);(549, 618);(505, 146);(527, 146);(505, 146);(549, 146);(0, 0)
227;(483, 123);(505, 191);(460, 191);(393, 190);(326, 145);(528, 191);(527, 191);(459, 101);(438, 348);(415, 461);(392, 573);(505, 349);(527, 483);(527, 596);(504, 145);(505, 123);(482, 168);(527, 145);(0, 0)
228;(460, 146);(482, 191);(437, 191);(370, 168);(325, 101);(505, 191);(527, 169);(460, 78);(415, 348);(392, 461);(348, 574);(483, 349);(505, 483);(505, 596);(437, 146);(482, 146);(437, 146);(460, 146);(0, 0)
229;(438, 146);(460, 213);(415, 213);(370, 168);(325, 101);(504, 213);(482, 124);(460, 78);(415, 370);(370, 483);(325, 596);(460, 371);(483, 483);(505, 596);(438, 145);(460, 124);(415, 146);(482, 168);(0, 0)
230;(437, 168);(437, 213);(393, 213);(348, 146);(325, 78);(482, 213);(483, 190);(460, 78);(392, 371);(347, 483);(302, 596);(460, 371);(460, 484);(482, 618);(415, 168);(438, 168);(415, 168);(460, 168);(0, 0)
231;(437, 168);(437, 213);(393, 213);(348, 146);(325, 78);(482, 213);(483, 190);(460, 78);(392, 371);(347, 483);(303, 596);(460, 371);(460, 484);(482, 618);(415, 168);(438, 168);(415, 168);(460, 168);(0, 0)
232;(415, 191);(415, 236);(370, 235);(348, 146);(325, 79);(460, 236);(460, 146);(460, 78);(370, 393);(325, 506);(281, 618);(437, 393);(438, 506);(482, 618);(415, 169);(437, 169);(393, 190);(437, 190);(0, 0)
233;(393, 191);(392, 236);(348, 236);(326, 146);(326, 78);(437, 258);(460, 169);(460, 101);(347, 394);(303, 528);(280, 618);(415, 415);(415, 528);(482, 618);(392, 191);(415, 191);(370, 191);(415, 191);(0, 0)
234;(392, 191);(370, 236);(325, 236);(347, 168);(347, 101);(415, 258);(460, 191);(482, 123);(325, 415);(303, 528);(280, 619);(392, 416);(415, 506);(482, 618);(371, 191);(393, 191);(370, 191);(415, 191);(0, 0)
235;(371, 191);(370, 236);(325, 236);(325, 190);(347, 101);(393, 258);(460, 191);(505, 145);(325, 394);(303, 506);(280, 618);(392, 393);(415, 484);(482, 596);(370, 191);(392, 191);(348, 191);(393, 191);(0, 0)
236;(370, 169);(348, 214);(325, 213);(325, 168);(347, 101);(393, 236);(459, 213);(505, 168);(303, 393);(303, 506);(280, 618);(370, 371);(437, 483);(460, 574);(370, 168);(392, 168);(348, 168);(393, 190);(0, 0)
237;(370, 169);(348, 214);(325, 213);(325, 168);(347, 101);(393, 236);(459, 213);(505, 168);(303, 393);(303, 506);(280, 618);(370, 371);(437, 483);(460, 574);(370, 168);(392, 168);(347, 168);(393, 190);(0, 0)
238;(370, 146);(347, 213);(303, 213);(302, 191);(325, 146);(370, 213);(438, 214);(527, 190);(303, 371);(303, 484);(280, 618);(370, 349);(437, 438);(438, 551);(348, 146);(370, 146);(347, 146);(370, 146);(0, 0)
239;(370, 146);(325, 191);(281, 191);(302, 191);(348, 191);(370, 213);(437, 235);(527, 213);(303, 349);(281, 483);(280, 596);(370, 348);(437, 415);(437, 529);(370, 124);(392, 146);(325, 145);(370, 146);(0, 0)
240;(370, 146);(325, 191);(280, 190);(281, 213);(348, 213);(370, 191);(437, 236);(505, 258);(303, 348);(280, 483);(280, 596);(370, 326);(437, 393);(437, 506);(348, 124);(370, 124);(325, 145);(348, 191);(0, 0)
241;(348, 145);(325, 191);(280, 169);(281, 235);(325, 258);(370, 191);(415, 258);(483, 281);(302, 348);(280, 483);(258, 595);(348, 326);(437, 349);(415, 483);(348, 123);(370, 123);(325, 145);(348, 123);(0, 0)
242;(348, 146);(325, 191);(280, 191);(280, 258);(325, 303);(370, 213);(393, 280);(460, 325);(302, 348);(280, 483);(258, 595);(348, 326);(415, 348);(415, 461);(347, 124);(348, 123);(303, 146);(348, 124);(0, 0)
243;(348, 146);(325, 191);(280, 191);(280, 258);(325, 303);(370, 213);(393, 280);(460, 325);(302, 348);(280, 483);(258, 595);(348, 326);(415, 348);(415, 461);(347, 124);(348, 123);(303, 146);(348, 123);(0, 0)
244;(348, 146);(303, 213);(280, 191);(280, 280);(302, 326);(348, 213);(370, 281);(415, 303);(281, 348);(280, 483);(258, 596);(348, 326);(415, 326);(415, 461);(326, 145);(348, 145);(303, 146);(325, 146);(0, 0)
245;(347, 168);(303, 214);(258, 213);(258, 303);(280, 371);(348, 235);(348, 303);(370, 304);(281, 371);(280, 483);(236, 618);(347, 348);(415, 325);(393, 439);(325, 146);(347, 146);(303, 168);(347, 146);(0, 0)
246;(347, 169);(303, 236);(258, 236);(258, 326);(280, 393);(348, 258);(347, 326);(348, 326);(280, 393);(258, 506);(235, 618);(347, 371);(415, 326);(393, 439);(325, 168);(347, 168);(302, 169);(325, 168);(0, 0)
247;(325, 191);(303, 258);(258, 258);(258, 326);(280, 394);(347, 258);(347, 326);(348, 348);(280, 394);(258, 506);(235, 618);(347, 371);(393, 326);(393, 460);(325, 190);(347, 169);(302, 191);(303, 236);(0, 0)
248;(325, 191);(302, 258);(258, 258);(258, 326);(280, 393);(347, 259);(348, 348);(348, 348);(280, 394);(258, 528);(235, 618);(347, 371);(415, 348);(393, 461);(325, 191);(325, 191);(281, 191);(325, 191);(0, 0)
249;(325, 191);(302, 258);(258, 258);(258, 326);(280, 393);(347, 280);(348, 348);(348, 348);(280, 394);(258, 528);(235, 618);(347, 371);(415, 348);(393, 461);(325, 191);(325, 191);(280, 191);(325, 191);(0, 0)
250;(325, 191);(302, 258);(258, 258);(280, 348);(303, 349);(347, 258);(370, 326);(370, 348);(280, 394);(258, 528);(235, 618);(325, 393);(415, 348);(415, 461);(303, 191);(325, 190);(280, 191);(303, 191);(0, 0)
251;(325, 190);(303, 236);(258, 236);(258, 281);(325, 303);(348, 258);(392, 326);(438, 348);(280, 393);(258, 506);(235, 618);(347, 371);(415, 370);(415, 483);(303, 168);(325, 168);(280, 191);(325, 168);(0, 0)
252;(325, 168);(303, 236);(258, 214);(280, 236);(325, 258);(348, 236);(415, 303);(482, 304);(280, 371);(258, 505);(235, 618);(347, 370);(437, 370);(437, 505);(303, 168);(325, 146);(280, 168);(325, 146);(0, 0)
253;(326, 146);(303, 214);(258, 214);(258, 213);(303, 213);(348, 214);(415, 258);(505, 259);(302, 371);(280, 483);(235, 618);(348, 348);(437, 371);(438, 506);(325, 146);(325, 146);(303, 168);(303, 236);(0, 0)
254;(325, 146);(303, 213);(280, 213);(280, 191);(280, 146);(370, 213);(437, 235);(505, 214);(303, 370);(280, 483);(257, 596);(370, 348);(437, 394);(460, 528);(325, 124);(347, 124);(302, 145);(370, 123);(0, 0)
255;(325, 146);(303, 213);(280, 213);(258, 191);(281, 168);(370, 213);(437, 235);(505, 214);(303, 370);(280, 483);(257, 596);(370, 348);(437, 394);(460, 529);(325, 145);(347, 124);(302, 145);(370, 123);(0, 0)
256;(325, 146);(325, 213);(280, 213);(280, 168);(303, 79);(370, 213);(437, 213);(527, 169);(303, 370);(280, 483);(258, 596);(370, 348);(437, 416);(460, 551);(325, 124);(347, 124);(303, 146);(348, 146);(0, 0)
257;(347, 146);(347, 191);(302, 191);(302, 123);(302, 56);(392, 213);(459, 191);(527, 146);(303, 370);(281, 483);(280, 596);(392, 348);(437, 460);(482, 573);(325, 124);(348, 124);(325, 146);(370, 146);(0, 0)
258;(348, 146);(348, 213);(303, 213);(302, 145);(302, 56);(393, 213);(460, 168);(505, 123);(325, 371);(303, 483);(280, 596);(392, 371);(415, 461);(460, 595);(347, 146);(348, 146);(325, 168);(370, 146);(0, 0)
259;(370, 168);(370, 213);(303, 213);(281, 145);(280, 78);(415, 213);(460, 168);(482, 100);(325, 393);(303, 506);(302, 618);(393, 371);(415, 484);(460, 618);(348, 146);(370, 168);(326, 168);(392, 168);(0, 0)
260;(370, 191);(370, 236);(325, 236);(302, 146);(280, 79);(415, 236);(438, 190);(460, 79);(347, 393);(325, 506);(303, 618);(415, 393);(415, 506);(438, 619);(370, 169);(370, 169);(348, 191);(393, 190);(0, 0)
261;(370, 191);(370, 236);(325, 236);(302, 146);(280, 79);(415, 236);(438, 190);(460, 79);(347, 393);(325, 506);(303, 618);(415, 393);(415, 506);(438, 619);(370, 169);(370, 169);(348, 191);(393, 190);(0, 0)
262;(392, 191);(392, 236);(347, 236);(302, 168);(280, 101);(437, 236);(437, 168);(437, 100);(348, 394);(325, 506);(303, 618);(415, 394);(415, 528);(438, 619);(370, 190);(392, 190);(348, 191);(415, 191);(0, 0)
263;(392, 191);(393, 236);(348, 236);(302, 191);(258, 123);(437, 236);(437, 168);(415, 100);(370, 393);(325, 506);(303, 618);(437, 393);(437, 528);(438, 640);(392, 190);(393, 190);(370, 191);(415, 191);(0, 0)
264;(393, 169);(415, 236);(370, 236);(325, 214);(280, 169);(438, 236);(460, 213);(392, 101);(370, 393);(303, 483);(281, 596);(437, 393);(437, 506);(438, 619);(392, 168);(415, 168);(370, 191);(415, 191);(0, 0)
265;(393, 168);(437, 235);(392, 236);(325, 235);(258, 191);(460, 214);(460, 213);(370, 123);(370, 371);(303, 461);(302, 573);(437, 371);(437, 506);(459, 618);(460, 191);(415, 146);(415, 191);(437, 146);(0, 0)
266;(415, 146);(437, 213);(392, 213);(325, 236);(257, 213);(460, 191);(392, 168);(348, 124);(392, 348);(302, 438);(302, 551);(437, 371);(437, 483);(459, 618);(415, 146);(415, 145);(393, 168);(438, 146);(0, 0)
267;(415, 146);(437, 213);(392, 213);(325, 236);(257, 213);(460, 191);(459, 191);(348, 124);(392, 348);(302, 438);(302, 551);(437, 371);(437, 483);(459, 618);(415, 146);(415, 145);(393, 168);(438, 146);(0, 0)
268;(415, 146);(437, 191);(392, 213);(325, 258);(258, 258);(460, 191);(459, 213);(370, 191);(392, 348);(280, 393);(303, 528);(437, 348);(437, 483);(460, 596);(415, 124);(437, 123);(393, 146);(460, 146);(0, 0)
269;(415, 145);(437, 191);(393, 191);(348, 258);(280, 281);(460, 191);(438, 214);(348, 213);(392, 326);(280, 371);(303, 505);(438, 349);(438, 483);(460, 596);(415, 123);(437, 123);(393, 146);(460, 145);(0, 0)
270;(415, 145);(437, 191);(393, 213);(370, 303);(370, 281);(482, 191);(459, 236);(370, 259);(392, 326);(280, 348);(303, 461);(438, 348);(438, 461);(482, 596);(415, 123);(437, 123);(414, 146);(460, 145);(0, 0)
271;(415, 145);(437, 213);(393, 213);(392, 281);(348, 303);(482, 191);(438, 281);(392, 303);(392, 326);(280, 326);(302, 460);(438, 348);(438, 483);(482, 596);(415, 123);(437, 123);(415, 146);(460, 146);(0, 0)
272;(437, 146);(438, 213);(415, 214);(393, 304);(326, 326);(482, 213);(460, 303);(415, 348);(393, 326);(302, 303);(281, 438);(438, 349);(459, 483);(483, 618);(415, 146);(437, 146);(415, 146);(460, 146);(0, 0)
273;(437, 146);(438, 213);(415, 214);(393, 304);(326, 326);(482, 213);(460, 303);(415, 348);(393, 326);(302, 303);(281, 438);(438, 349);(459, 483);(483, 618);(415, 146);(437, 146);(415, 146);(460, 146);(0, 0)
274;(437, 168);(438, 236);(415, 236);(415, 325);(393, 349);(482, 235);(460, 304);(415, 371);(393, 348);(303, 303);(280, 438);(459, 371);(459, 484);(505, 618);(415, 146);(437, 146);(415, 168);(460, 168);(0, 0)
275;(437, 169);(438, 258);(415, 258);(414, 326);(347, 303);(482, 236);(460, 326);(415, 393);(414, 370);(303, 303);(280, 416);(459, 393);(460, 506);(504, 619);(415, 168);(437, 168);(415, 190);(460, 190);(0, 0)
276;(437, 191);(438, 258);(415, 258);(415, 326);(415, 348);(482, 258);(438, 348);(392, 393);(415, 371);(303, 304);(280, 438);(460, 393);(460, 506);(504, 640);(415, 169);(437, 169);(415, 191);(460, 191);(0, 0)
277;(437, 191);(438, 258);(415, 258);(393, 326);(370, 348);(482, 258);(460, 303);(393, 348);(393, 371);(303, 326);(280, 438);(460, 394);(460, 506);(504, 619);(415, 169);(437, 169);(415, 191);(460, 191);(0, 0)
278;(437, 168);(437, 236);(393, 258);(370, 326);(370, 303);(482, 236);(460, 281);(370, 303);(392, 371);(302, 326);(258, 461);(438, 393);(460, 506);(505, 618);(415, 168);(437, 168);(415, 190);(460, 190);(0, 0)
279;(437, 168);(437, 236);(393, 258);(370, 326);(370, 303);(482, 236);(459, 281);(370, 303);(392, 371);(302, 326);(258, 461);(438, 393);(460, 506);(505, 618);(415, 168);(437, 168);(415, 190);(460, 190);(0, 0)
280;(415, 168);(437, 235);(414, 236);(348, 281);(281, 325);(482, 214);(437, 258);(348, 236);(392, 349);(280, 348);(258, 483);(438, 393);(460, 505);(504, 618);(415, 146);(437, 146);(393, 168);(460, 168);(0, 0)
281;(415, 146);(415, 213);(392, 213);(347, 258);(280, 258);(460, 213);(438, 214);(348, 190);(370, 348);(258, 349);(258, 484);(437, 371);(459, 483);(504, 618);(415, 146);(437, 146);(393, 168);(459, 146);(0, 0)
282;(415, 124);(415, 191);(370, 213);(325, 236);(258, 214);(460, 191);(392, 168);(348, 123);(370, 348);(258, 371);(258, 506);(437, 370);(438, 483);(482, 596);(415, 123);(415, 123);(393, 145);(438, 146);(0, 0)
283;(415, 123);(415, 191);(371, 191);(303, 213);(258, 190);(438, 191);(438, 191);(370, 101);(370, 348);(258, 415);(258, 550);(415, 349);(438, 483);(482, 596);(415, 123);(415, 123);(393, 168);(415, 124);(795, 684)
284;(392, 146);(415, 191);(370, 191);(303, 191);(258, 146);(438, 191);(437, 168);(393, 101);(348, 348);(280, 438);(258, 573);(415, 349);(437, 483);(482, 596);(370, 146);(392, 124);(392, 168);(415, 124);(0, 0)
285;(392, 146);(415, 191);(370, 191);(303, 191);(258, 146);(438, 191);(437, 169);(393, 101);(348, 348);(280, 438);(258, 573);(415, 349);(437, 483);(482, 596);(370, 146);(392, 124);(392, 168);(415, 124);(0, 0)
286;(392, 146);(392, 191);(347, 191);(280, 168);(236, 123);(437, 191);(437, 168);(392, 56);(347, 349);(280, 483);(258, 596);(414, 370);(415, 483);(482, 618);(370, 145);(393, 124);(370, 146);(415, 146);(0, 0)
287;(370, 168);(370, 213);(325, 213);(280, 168);(236, 101);(415, 213);(415, 124);(415, 56);(325, 371);(281, 506);(280, 618);(393, 371);(415, 505);(460, 618);(370, 146);(392, 146);(348, 168);(393, 168);(0, 0)
288;(370, 169);(370, 235);(325, 235);(280, 168);(257, 100);(414, 235);(415, 146);(415, 78);(325, 393);(302, 506);(280, 619);(392, 393);(415, 506);(460, 619);(348, 168);(370, 168);(347, 169);(392, 169);(0, 0)
289;(348, 191);(348, 236);(303, 236);(258, 168);(258, 100);(393, 236);(437, 168);(438, 100);(303, 415);(280, 528);(280, 640);(370, 415);(415, 528);(460, 641);(347, 169);(370, 190);(325, 191);(370, 191);(0, 0)
290;(347, 191);(347, 236);(302, 236);(258, 168);(258, 101);(392, 236);(415, 213);(460, 123);(302, 416);(280, 528);(280, 640);(370, 416);(393, 506);(460, 619);(325, 190);(348, 190);(325, 191);(370, 191);(0, 0)
291;(347, 191);(347, 236);(302, 236);(258, 168);(258, 101);(392, 236);(415, 213);(460, 123);(302, 416);(280, 528);(280, 640);(370, 416);(393, 506);(460, 619);(325, 190);(348, 190);(325, 191);(370, 191);(0, 0)
292;(325, 190);(325, 236);(280, 236);(257, 168);(236, 101);(370, 236);(437, 191);(482, 123);(302, 394);(280, 506);(280, 619);(370, 393);(415, 506);(460, 618);(325, 168);(347, 169);(303, 191);(370, 191);(0, 0)
293;(325, 168);(325, 235);(280, 214);(236, 168);(235, 101);(370, 235);(437, 191);(505, 124);(281, 393);(280, 506);(280, 619);(370, 393);(393, 483);(438, 596);(325, 168);(347, 168);(303, 168);(348, 168);(0, 0)
294;(325, 146);(325, 213);(280, 213);(235, 168);(235, 101);(370, 213);(438, 191);(505, 146);(281, 371);(280, 505);(280, 618);(348, 371);(393, 461);(437, 573);(325, 146);(347, 146);(303, 146);(348, 168);(0, 0)
